"OPEN ACCESS",,"YEAR",,"AUTHOR NAME",,"SUBJECT AREA",,"DOCUMENT TYPE",,"PUBLICATION STAGE",,"SOURCE TITLE",,"KEYWORD",,"AFFILIATION",,"FUNDING SPONSOR",,"COUNTRY",,"SOURCE TYPE",,"LANGUAGE",
"All Open Access","258","2022","30","Leymann, F.","16","Agricultural and Biological Sciences","2","Conference Paper","746","final","1064","Lecture Notes In Computer Science Including Subseries Lecture Notes In Artificial Intelligence And Lecture Notes In Bioinformatics","87","DevOps","598","Universität Stuttgart","26","Horizon 2020 Framework Programme","66","United States","159","Conference Proceeding","625","English","1056"
"Gold","44","2021","222","Tamburri, D.A.","14","Arts and Humanities","1","Article","220","aip","17","ACM International Conference Proceeding Series","67","Software Design","321","Nanjing University","16","European Commission","58","Germany","131","Journal","240","Chinese","11"
"Hybrid Gold","28","2020","222","Wettinger, J.","14","Biochemistry, Genetics and Molecular Biology","4","Conference Review","68",,,"Communications In Computer And Information Science","34","Software Engineering","170","Politecnico di Milano","14","National Natural Science Foundation of China","33","China","87","Book Series","197","Spanish","7"
"Bronze","43","2019","190","Rahman, A.","13","Business, Management and Accounting","84","Book Chapter","19",,,"Advances In Intelligent Systems And Computing","23","Application Programs","128","International Business Machines","13","National Science Foundation","22","India","80","Trade Journal","10","Portuguese","4"
"Green","184","2018","155","Akbar, M.A.","11","Chemical Engineering","10","Review","18",,,"Ceur Workshop Proceedings","23","Development And Operations","126","TECNALIA","13","National Key Research and Development Program of China","14","Italy","75","Book","9","German","2"
,,"2017","96","Breitenbücher, U.","10","Chemistry","2","Book","4",,,"IEEE Software","23","Continuous Integrations","117","Tampere University","12","Horizon 2020","13","Spain","61",,,"Turkish","2"
,,"2016","83","Weber, I.","10","Computer Science","989","Editorial","3",,,"Proceedings International Conference On Software Engineering","21","Cloud Computing","114","Universität Zürich","12","Deutsche Forschungsgemeinschaft","12","Netherlands","49",,,"French","1"
,,"2015","54","Perera, I.","9","Decision Sciences","141","Erratum","1",,,"Lecture Notes In Business Information Processing","20","Life Cycle","113","Carnegie Mellon University","12","Bundesministerium für Bildung und Forschung","10","Finland","43",,,,
,,"2014","19","Williams, L.","9","Earth and Planetary Sciences","7","Short Survey","1",,,"Information And Software Technology","14","Automation","94","NC State University","11","Seventh Framework Programme","10","United Kingdom","42",,,,
,,"2013","5","Zhang, H.","9","Economics, Econometrics and Finance","1","Undefined","1",,,"Lecture Notes In Networks And Systems","13","Continuous Delivery","71","IBM Research","11","European Regional Development Fund","9","Brazil","41",,,,
,,"2012","2","Peuster, M.","8","Energy","19",,,,,"Journal Of Software Evolution And Process","12","Continuous Integration","69","IBM Thomas J. Watson Research Center","11","Ministry of Science and Technology of the People's Republic of China","8","Canada","40",,,,
,,"2011","3","Sandobalin, J.","8","Engineering","320",,,,,"Journal Of Systems And Software","11","Devops","69","Technical University of Munich","11","Conselho Nacional de Desenvolvimento Científico e Tecnológico","7","Australia","35",,,,
,,,,"Zhao, Z.","8","Environmental Science","8",,,,,"Proceedings Of The Annual Hawaii International Conference On System Sciences","10","Open Source Software","64","Universität Paderborn","11","Deanship of Scientific Research, King Saud University","7","Norway","34",,,,
,,,,"Zhu, L.","8","Materials Science","20",,,,,"Ruan Jian Xue Bao Journal Of Software","10","Software Testing","64","Nanjing University of Aeronautics and Astronautics","11","Norges Forskningsråd","7","Sweden","32",,,,
,,,,"Abrahao, S.","7","Mathematics","228",,,,,"IEEE Access","9","Agile","59","UNSW Sydney","11","Coordenação de Aperfeiçoamento de Pessoal de Nível Superior","6","Austria","30",,,,
,,,,"Alsanad, A.","7","Medicine","9",,,,,"International Symposium On Empirical Software Engineering And Measurement","9","Microservices","53","SINTEF Digital","11","Österreichische Forschungsförderungsgesellschaft","6","France","30",,,,
,,,,"Bass, L.","7","Multidisciplinary","4",,,,,"IEEE International Conference On Cloud Computing Cloud","6","Machine Learning","50","Universitat Politècnica de València","10","Nanjing University","5","Greece","28",,,,
,,,,"Casale, G.","7","Pharmacology, Toxicology and Pharmaceutics","1",,,,,"Journal Of Physics Conference Series","6","Computer Software","48","University of Oulu","10","U.S. Department of Energy","5","Belgium","27",,,,
,,,,"Insfran, E.","7","Physics and Astronomy","28",,,,,"IEEE Cloud Computing","5","Containers","44","Imperial College London","10","Austrian Science Fund","4","Switzerland","22",,,,
,,,,"Leitner, P.","7","Social Sciences","56",,,,,"IEEE Transactions On Software Engineering","5","Artificial Intelligence","43","Tennessee Technological University","10","Bundesministerium für Wirtschaft und Energie","4","Portugal","18",,,,
,,,,"Lwakatare, L.E.","7",,,,,,,"International Journal Of Advanced Computer Science And Applications","5","Continuous Deployment","43","Commonwealth Scientific and Industrial Research Organization","10","Government of Canada","4","Denmark","14",,,,
,,,,"Mikkonen, T.","7",,,,,,,"Procedia Computer Science","5","Pipelines","43","Technische Universiteit Eindhoven","10","International Business Machines Corporation","4","Ecuador","13",,,,
,,,,"Rafi, S.","7",,,,,,,"1st International Workshop On Quality Aware Devops Qudos 2015 Proceedings","4","Internet Of Things","39","University of Moratuwa","10","Japan Society for the Promotion of Science","4","Russian Federation","13",,,,
,,,,"Shao, D.","7",,,,,,,"ACM Transactions On Internet Technology","4","Computer Software Selection And Evaluation","38","Innopolis University","10","Ministry of Education, Culture, Sports, Science and Technology","4","Ireland","12",,,,
,,,,"Van Rossem, S.","7",,,,,,,"International Journal Of Recent Technology And Engineering","4","Information Systems","38","Chalmers University of Technology","9","Natural Sciences and Engineering Research Council of Canada","4","Japan","12",,,,
,,,,"Zhou, H.","7",,,,,,,"Lecture Notes In Electrical Engineering","4","Software Architecture","38","Helsingin Yliopisto","9","VINNOVA","4","Sri Lanka","12",,,,
,,,,"Colomo-Palacios, R.","6",,,,,,,"Proceedings Of The IEEE International Conference On Requirements Engineering","4","Surveys","38","Siemens AG","9","China Scholarship Council","3","Colombia","11",,,,
,,,,"Ferry, N.","6",,,,,,,"Proceedings Of The IM 2017 2017 IFIP IEEE International Symposium On Integrated Network And Service Management","4","Integration","37","Universiteit Gent","9","Engineering and Physical Sciences Research Council","3","Saudi Arabia","11",,,,
,,,,"Jamshidi, P.","6",,,,,,,"Qudos 2016 Proceedings Of The 2nd International Workshop On Quality Aware Devops Co Located With Issta 2016","4","Software Development","37","Interuniversity Micro-Electronics Center at Leuven","9","Escuela Politécnica Nacional","3","Indonesia","10",,,,
,,,,"Kuusinen, K.","6",,,,,,,"2017 IEEE Conference On Network Function Virtualization And Software Defined Networks Nfv Sdn 2017","3","Big Data","35","Escuela Politécnica Nacional","9","Fundação para a Ciência e a Tecnologia","3","Morocco","10",,,,
,,,,"Kuvaja, P.","6",,,,,,,"AIAA Scitech 2021 Forum","3","Security","35","Universiteit van Amsterdam","8","H2020 Euratom","3","Hungary","9",,,,
,,,,"Orue-Echevarria, L.","6",,,,,,,"Communications Of The ACM","3","Web Services","35","Free University of Bozen-Bolzano","8","Ministerio de Economía y Competitividad","3","Israel","8",,,,
,,,,"Rak, M.","6",,,,,,,"Companion Proceedings 24th International Conference On Model Driven Engineering Languages And Systems Models C 2021","3","Information Use","34","Tilburg University","8","National Basic Research Program of China (973 Program)","3","Mexico","8",,,,
,,,,"Solberg, A.","6",,,,,,,"Computer Science Research And Development","3","Integration Testing","34","Nokia Bell Labs","8","North Carolina State University","3","South Africa","8",,,,
,,,,"Tavernier, W.","6",,,,,,,"Concurrency And Computation Practice And Experience","3","Open Systems","34","National University of Defense Technology","8","Schweizerischer Nationalfonds zur Förderung der Wissenschaftlichen Forschung","3","South Korea","8",,,,
,,,,"Xilouris, G.","6",,,,,,,"Empirical Software Engineering","3","Software Development Process","34","Universidad Politécnica de Madrid","8","State Key Laboratory of Novel Software Technology","3","Turkey","8",,,,
,,,,"Alonso, J.","5",,,,,,,"Esec Fse 2021 Proceedings Of The 29th ACM Joint Meeting European Software Engineering Conference And Symposium On The Foundations Of Software Engineering","3","Agile Manufacturing Systems","33","The University of Adelaide","7","Tekes","3","Czech Republic","7",,,,
,,,,"Babar, M.A.","5",,,,,,,"IEEE Communications Magazine","3","Agile Software Development","33","LUT University","7","U.S. Department of Defense","3","Malaysia","7",,,,
,,,,"Bosch, J.","5",,,,,,,"Indonesian Journal Of Electrical Engineering And Computer Science","3","Cloud","33","Rheinisch-Westfälische Technische Hochschule Aachen","7","University of Moratuwa","3","Poland","7",,,,
,,,,"Casola, V.","5",,,,,,,"Lecture Notes Of The Institute For Computer Sciences Social Informatics And Telecommunications Engineering Lnicst","3","Agile Development","32","Università degli Studi della Campania Luigi Vanvitelli","7","Academy of Finland","2","Slovenia","7",,,,
,,,,"Daneva, M.","5",,,,,,,"Lecture Notes On Data Engineering And Communications Technologies","3","Testing","31","SINTEF Foundation for Scientific and Industrial Research","6","Active and Assisted Living programme","2","Argentina","6",,,,
,,,,"Di Nitto, E.","5",,,,,,,"Proceedings 11th IEEE International Conference On Global Software Engineering Icgse 2016","3","Information Management","30","CNRS Centre National de la Recherche Scientifique","6","Australian Research Council","2","Pakistan","6",,,,
,,,,"Di Nucci, D.","5",,,,,,,"Proceedings 2018 International Conference On The Quality Of Information And Communications Technology Quatic 2018","3","Microservice","29","King Saud University","6","Blekinge Tekniska Högskola","2","Latvia","5",,,,
,,,,"Guerriero, M.","5",,,,,,,"Proceedings 2019 IEEE ACM 41st International Conference On Software Engineering Companion ICSE Companion 2019","3","Quality Assurance","29","Göteborgs Universitet","6","Bundesministerium für Digitalisierung und Wirtschaftsstandort","2","Romania","5",,,,
,,,,"Gumaei, A.","5",,,,,,,"Proceedings 2019 IEEE International Conference On Software Architecture Companion Icsa C 2019","3","Systematic Literature Review","29","Ericsson Sweden","6","Center for African Studies","2","Taiwan","5",,,,
,,,,"He, X.","5",,,,,,,"Proceedings 46th Euromicro Conference On Software Engineering And Advanced Applications Seaa 2020","3","Computer Science","28","Blekinge Tekniska Högskola","6","Commonwealth Scientific and Industrial Research Organisation","2","United Arab Emirates","5",,,,
,,,,"Karl, H.","5",,,,,,,"Proceedings Frontiers In Education Conference Fie","3","Network Function Virtualization","28","Università degli Studi di Napoli Federico II","6","Fonds Wetenschappelijk Onderzoek","2","New Zealand","4",,,,
,,,,"Mahmood, S.","5",,,,,,,"Proceedings International Computer Software And Applications Conference","3","Quality Of Service","28","Technische Universität Wien","6","Fundamental Research Funds for the Central Universities","2","Bangladesh","3",,,,
,,,,"Mazzara, M.","5",,,,,,,"Proceedings Of SPIE The International Society For Optical Engineering","3","DevSecOps","27","Harbin Institute of Technology","6","Fundação de Amparo à Pesquisa do Estado de Minas Gerais","2","Costa Rica","3",,,,
,,,,"Oivo, M.","5",,,,,,,"Proceedings Of The ACM Symposium On Applied Computing","3","Embedded Systems","27","Universiteit Twente","6","IBM Canada","2","Cyprus","3",,,,
,,,,"Pahl, C.","5",,,,,,,"Risti Revista Iberica De Sistemas E Tecnologias De Informacao","3","Infrastructure As Code","27","Chongqing University of Posts and Telecommunications","6","ITEA3","2","Estonia","3",,,,
,,,,"Palomba, F.","5",,,,,,,"Studies In Computational Intelligence","3","Software Quality","27","Microsoft Research","6","Instituto Nacional de Ciência e Tecnologia para Excitotoxicidade e Neuroproteção","2","Luxembourg","3",,,,
,,,,"Rios, E.","5",,,,,,,"15th International Conference On Space Operations 2018","2","Students","27","Johannes Kepler University Linz","6","King Saud University","2","Singapore","3",,,,
,,,,"Rong, G.","5",,,,,,,"17th International Conference On Advances In ICT For Emerging Regions Icter 2017 Proceedings","2","Codes (symbols)","26","KU Leuven","6","Knut och Alice Wallenbergs Stiftelse","2","Tunisia","3",,,,
,,,,"Shahin, M.","5",,,,,,,"2018 European Conference On Networks And Communications Eucnc 2018","2","Clouds","25","Alma Mater Studiorum Università di Bologna","6","Ministerio de Economía, Industria y Competitividad, Gobierno de España","2","Ukraine","3",,,,
,,,,"Song, H.","5",,,,,,,"2019 International Conference On Sensing And Instrumentation In Iot Era Issi 2019","2","Human Resource Management","25","Concordia University","6","Ministero dell’Istruzione, dell’Università e della Ricerca","2","Algeria","2",,,,
,,,,"Wang, Z.","5",,,,,,,"2020 IEEE 2nd International Conference On Electronics Control Optimization And Computer Science Icecocs 2020","2","Project Management","25","K L Deemed to be University","6","Ministry of Education of the People's Republic of China","2","Chile","2",,,,
,,,,"Wiedemann, A.","5",,,,,,,"2020 IEEE 32nd Conference On Software Engineering Education And Training Csee And T 2020","2","Cloud Applications","24","HØgskolen i Østfold","6","Ministério da Ciência, Tecnologia e Inovação","2","Iran","2",,,,
,,,,"Yu, W.","5",,,,,,,"2021 IEEE International Conference On Pervasive Computing And Communications Workshops And Other Affiliated Events Percom Workshops 2021","2","Computer Programming","24","CSIRO Data61","6","National Aeronautics and Space Administration","2","Panama","2",,,,
,,,,"Zdun, U.","5",,,,,,,"2022 14th International Conference On Communication Systems And Networks Comsnets 2022","2","Iterative Methods","24","Universidad de Murcia","5","National Office for Philosophy and Social Sciences","2","Peru","2",,,,
,,,,"Benatallah, B.","4",,,,,,,"ACM SIGPLAN Notices","2","Process Engineering","24","Wirtschaftsuniversität Wien","5","Petroleum Technology Development Fund","2","Serbia","2",,,,
,,,,"Berardinelli, L.","4",,,,,,,"Americas Conference On Information Systems 2018 Digital Disruption Amcis 2018","2","Docker","23","Università degli Studi del Sannio","5","Secretaría de Educación Superior, Ciencia, Tecnología e Innovación","2","Azerbaijan","1",,,,
,,,,"Cito, J.","4",,,,,,,"Applied Sciences Switzerland","2","Empirical Studies","22","Delft University of Technology","5","Stiftelsen för Kunskaps- och Kompetensutveckling","2","Belarus","1",,,,
,,,,"De Benedictis, A.","4",,,,,,,"Closer 2015 5th International Conference On Cloud Computing And Services Science Proceedings","2","Learning Systems","22","King Fahd University of Petroleum and Minerals","5","UK Research and Innovation","2","Iraq","1",,,,
,,,,"Dustdar, S.","4",,,,,,,"Closer 2018 Proceedings Of The 8th International Conference On Cloud Computing And Services Science","2","Software Reliability","22","Universitetet i Oslo","5","Universidad ICESI","2","Jordan","1",,,,
,,,,"Díaz, J.","4",,,,,,,"Fusion Engineering And Design","2","Continuous Development","21","Technische Universität Darmstadt","5","Universitatea Transilvania din Brasov","2","Lithuania","1",,,,
,,,,"Escalante, M.","4",,,,,,,"Future Generation Computer Systems","2","Development Process","21","Technische Universität Berlin","5","Universiti Malaysia Pahang","2","Montenegro","1",,,,
,,,,"Faustino, J.","4",,,,,,,"IBM Journal Of Research And Development","2","Distributed Computer Systems","21","Norges Teknisk-Naturvitenskapelige Universitet","5","Academia Sinica","1","Nigeria","1",,,,
,,,,"Hanssen, G.K.","4",,,,,,,"IEEE International Conference On Program Comprehension","2","Production Environments","21","Fachhochschule Neu-Ulm","5","Agence Universitaire de la Francophonie","1","Philippines","1",,,,
,,,,"Hu, Y.","4",,,,,,,"IEEE International Professional Communication Conference","2","Software Development Life Cycle","21","University of Waterloo","5","Agència de Gestió d'Ajuts Universitaris i de Recerca","1","Slovakia","1",,,,
,,,,"Huang, H.","4",,,,,,,"IEEE Internet Computing","2","Best Practices","20","RISE Acreo AB","5","Amazon Web Services","1","Sudan","1",,,,
,,,,"Jiménez, M.","4",,,,,,,"IEEE Transactions On Cloud Computing","2","Network Security","20","Hochschule Reutlingen","5","American Tinnitus Association","1","Thailand","1",,,,
,,,,"John, W.","4",,,,,,,"Iberian Conference On Information Systems And Technologies Cisti","2","Virtual Reality","20","Universität Wien","5","Amt der Steiermärkischen Landesregierung","1","Yemen","1",,,,
,,,,"Joosen, W.","4",,,,,,,"Icpe 2020 Companion Of The ACM Spec International Conference On Performance Engineering","2","Agile Methodologies","19","Microsoft Corporation","5","Australia-Israel Scientific Exchange Foundation, Swinburne University of Technology","1","Undefined","95",,,,
,,,,"Kyriazis, D.","4",,,,,,,"Icsoft 2019 Proceedings Of The 14th International Conference On Software Technologies","2","Architecture","19","Nokia Corporation","5","Australian Education International, Australian Government","1",,,,,,
,,,,"Lichter, H.","4",,,,,,,"Icsoft 2020 Proceedings Of The 15th International Conference On Software Technologies","2","Decision Making","19","Instituto Universitário de Lisboa ISCTE-IUL","5","Baden-Württemberg Stiftung","1",,,,,,
,,,,"Liu, L.","4",,,,,,,"International Journal Of Agile Systems And Management","2","Distributed Database Systems","19","Budapest University of Technology and Economics","5","Bayerisches Staatsministerium für Wirtschaft, Infrastruktur, Verkehr und Technologie","1",,,,,,
,,,,"Meedeniya, D.A.","4",,,,,,,"International Journal Of Cloud Applications And Computing","2","Software Systems","19","NEC Corporation","5","Bayerisches Staatsministerium für Wirtschaft und Medien, Energie und Technologie","1",,,,,,
,,,,"Mendling, J.","4",,,,,,,"International Journal Of Engineering And Technology Uae","2","Continuous Deliveries","18","York University","5","Beta Phi Mu","1",,,,,,
,,,,"Myklebust, T.","4",,,,,,,"International Journal Of Scientific And Technology Research","2","Engineering Education","18","Universitas Indonesia","5","Bournemouth University","1",,,,,,
,,,,"Pereira, R.","4",,,,,,,"International Journal Of Software Engineering And Knowledge Engineering","2","Quality Control","18","Tata Consultancy Services India","5","Bundesanstalt für Landwirtschaft und Ernährung","1",,,,,,
,,,,"Pinto, G.","4",,,,,,,"Journal Of Grid Computing","2","Software Industry","18","CA Technologies","5","Bundesministerium für Wirtschaft und Technologie","1",,,,,,
,,,,"Sahibuddin, S.","4",,,,,,,"Journal Of Internet Services And Applications","2","5G Mobile Communication Systems","17","Aalto University","5","Business Finland","1",,,,,,
,,,,"Sköldström, P.","4",,,,,,,"Network Security","2","Architectural Style","17","University of Johannesburg","4","California Department of Fish and Game","1",,,,,,
,,,,"Soenen, T.","4",,,,,,,"Peer To Peer Networking And Applications","2","IoT","17","Universidade Federal do ABC","4","California Earthquake Authority","1",,,,,,
,,,,"Theunissen, T.","4",,,,,,,"Peerj Computer Science","2","Mapping","17","University of Victoria","4","Case Western Reserve University","1",,,,,,
,,,,"Tu, Z.","4",,,,,,,"Pro Website Development And Operations Streamlining Devops For Large Scale Websites","2","Semantics","17","Fraunhofer Institute for Experimental Software Engineering IESE","4","Center for Arabic Study Abroad, University of Texas, Austin","1",,,,,,
,,,,"Van Hoorn, A.","4",,,,,,,"Proceedings 11th IEEE ACM International Conference On Utility And Cloud Computing Companion Ucc Companion 2018","2","Software Organization","17","University of Limerick","4","Chongqing Research Program of Basic Research and Frontier Technology","1",,,,,,
,,,,"Vicens, F.","4",,,,,,,"Proceedings 2015 IEEE International Conference On Cloud Computing In Emerging Markets Ccem 2015","2","Cloud Environments","16","University of Piraeus","4","Cleveland Foundation","1",,,,,,
,,,,"Wiesche, M.","4",,,,,,,"Proceedings 2016 IEEE 24th International Requirements Engineering Conference Re 2016","2","Cloud Infrastructures","16","Technical University of Denmark","4","Cleveland State University","1",,,,,,
,,,,"Wimmer, M.","4",,,,,,,"Proceedings 2016 IEEE International Conference On Software Maintenance And Evolution Icsme 2016","2","Computers","16","MITRE Corporation","4","Comisión Interministerial de Ciencia y Tecnología","1",,,,,,
,,,,"Zahedi, M.","4",,,,,,,"Proceedings 2017 IEEE 24th International Conference On Web Services Icws 2017","2","Curricula","16","Universiteit Antwerpen","4","Commonwealth Scholarship Commission","1",,,,,,
,,,,"Amrit, C.","3",,,,,,,"Proceedings 2017 IEEE ACM 12th International Symposium On Software Engineering For Adaptive And Self Managing Systems Seams 2017","2","Information Services","16","Universität Duisburg-Essen","4","Conselho Nacional de Desenvolvimento Cient&#x00ED;fico e Tecnol&#x00F3;gico","1",,,,,,
,,,,"Andrikopoulos, V.","3",,,,,,,"Proceedings 2017 IEEE ACM 39th International Conference On Software Engineering Software Engineering In Practice Track ICSE Seip 2017","2","Monitoring","16","Åbo Akademi University","4","Consiglio Nazionale delle Ricerche","1",,,,,,
,,,,"Ardagna, D.","3",,,,,,,"Proceedings 2018 IEEE Cybersecurity Development Conference Secdev 2018","2","Program Debugging","16","Prague University of Economics and Business","4","Core Research for Evolutional Science and Technology","1",,,,,,
,,,,"Bagnato, A.","3",,,,,,,"Proceedings 2019 ACM IEEE 14th International Conference On Global Software Engineering Icgse 2019","2","Scrum","16","Chinese Academy of Sciences","4","Council on grants of the President of the Russian Federation","1",,,,,,
,,,,"Bayley, I.","3",,,,,,,"Proceedings 2019 ACM IEEE 22nd International Conference On Model Driven Engineering Languages And Systems Companion Models C 2019","2","Software Applications","16","Technische Universität Clausthal","4","Covenant University","1",,,,,,
,,,,"Blochinger, W.","3",,,,,,,"Proceedings 2019 IEEE ACM 41st International Conference On Software Engineering Software Engineering Education And Training ICSE Seet 2019","2","Software Deployment","16","University of Technology Sydney","4","Create NSW","1",,,,,,
,,,,"Bucchiarone, A.","3",,,,,,,"Proceedings 2019 IEEE ACM 41st International Conference On Software Engineering Software Engineering In Practice ICSE Seip 2019","2","Application Development","15","Tsinghua University","4","Departamento Administrativo de Ciencia, Tecnología e Innovación (COLCIENCIAS)","1",,,,,,
,,,,"Capozucca, A.","3",,,,,,,"Proceedings 2020 35th IEEE ACM International Conference On Automated Software Engineering Ase 2020","2","Computer Architecture","15","RISE, Swedish Institute of Computer Science","4","Department of Environment and Conservation, Government of Western Australia","1",,,,,,
,,,,"Castellanos, C.","3",,,,,,,"Proceedings 2020 8th International Conference On Advanced Cloud And Big Data Cbd 2020","2","Interoperability","15","Universidade Federal de Pernambuco","4","Department of Science and Technology, Ministry of Science and Technology, India","1",,,,,,
,,,,"Chen, H.M.","3",,,,,,,"Proceedings 2020 IEEE 13th International Conference On Services Computing Scc 2020","2","Learning Algorithms","15","Universidad de Los Andes, Colombia","4","Digital, Internet, Materials and Engineering Co-Creation","1",,,,,,
,,,,"Chen, W.","3",,,,,,,"Proceedings 2020 IEEE 13th International Conference On Software Testing Verification And Validation Workshops Icstw 2020","2","Security Systems","15","Fraunhofer Institute for Open Communication Systems FOKUS","4","Electronic Components and Systems for European Leadership","1",,,,,,
,,,,"Cherinka, R.","3",,,,,,,"Proceedings 2020 International Conference On Computational Science And Computational Intelligence Csci 2020","2","Commerce","14","Tongji University","4","Enterprise Ireland","1",,,,,,
,,,,"Ciavotta, M.","3",,,,,,,"Proceedings 2020 International Seminar On Application For Technology Of Information And Communication IT Challenges For Sustainability Scalability And Security In The Age Of Digital Disruption Isemantic 2020","2","Computer Software Reusability","14","Hogeschool van Arnhem en Nijmegen","4","European School of Oncology","1",,,,,,
,,,,"Colantoni, A.","3",,,,,,,"Proceedings 2021 IEEE ACM 1st Workshop On AI Engineering Software Engineering For AI Wain 2021","2","Ecosystems","14","Lero - The Irish Software Engineering Research Centre","4","Eusko Jaurlaritza","1",,,,,,
,,,,"Correal, D.","3",,,,,,,"Proceedings 2021 IEEE ACM 3rd International Workshop On Software Engineering Research And Practices For The Iot Serp4iot 2021","2","Empirical Study","14","SAP Labs India Pvt. Ltd.","4","FP7 Information and Communication Technologies","1",,,,,,
,,,,"Denil, J.","3",,,,,,,"Proceedings 2021 IEEE ACM Joint 15th International Conference On Software And System Processes And 16th ACM IEEE International Conference On Global Software Engineering Icssp Icgse 2021","2","Literature Reviews","14","Atos","3","FP7 People: Marie-Curie Actions","1",,,,,,
,,,,"Diaz, J.","3",,,,,,,"Proceedings 2021 IEEE European Symposium On Security And Privacy Workshops Euro S And Pw 2021","2","Platform As A Service (PaaS)","14","XLAB","3","Fifth Framework Programme","1",,,,,,
,,,,"Erich, F.","3",,,,,,,"Proceedings 2021 IEEE International Conference On Software Analysis Evolution And Reengineering Saner 2021","2","Software","14","SoftServe Inc.","3","Fulbright Colombia","1",,,,,,
,,,,"Fitzgerald, B.","3",,,,,,,"Proceedings 2021 IEEE International Conference On Web Services Icws 2021","2","Software Company","14","Sistemas Avanzados de Tecnología","3","Fundació Catalana de Trasplantament","1",,,,,,
,,,,"Garriga, M.","3",,,,,,,"Proceedings 2021 IEEE International Symposium On Software Reliability Engineering Workshops Issrew 2021","2","Systematic Mapping Studies","14","Jheronimus Academy of Data Science","3","Fundação de Amparo à Ciência e Tecnologia do Estado de Pernambuco","1",,,,,,
,,,,"Ghantous, G.B.","3",,,,,,,"Proceedings 2021 IEEE Secure Development Conference Secdev 2021","2","Test Automation","14","Universidade Federal do Pará","3","Fundação de Amparo à Pesquisa do Estado da Bahia","1",,,,,,
,,,,"Gouvas, P.","3",,,,,,,"Proceedings 23rd ACM IEEE International Conference On Model Driven Engineering Languages And Systems Models C 2020 Companion Proceedings","2","Virtualization","14","Mälardalens högskola","3","Fundação de Amparo à Pesquisa do Estado de São Paulo","1",,,,,,
,,,,"Guelfi, N.","3",,,,,,,"Proceedings 3rd International Conference On Informatics Multimedia Cyber And Information System Icimcis 2021","2","Competition","13","Università degli Studi di Salerno","3","Fundação de Amparo à Pesquisa e Inovação do Espírito Santo","1",,,,,,
,,,,"Guija, D.","3",,,,,,,"Proceedings 3rd International Workshop On Release Engineering Releng 2015","2","Conceptual Frameworks","13","Flanders Make","3","Glenn Research Center","1",,,,,,
,,,,"Haziyev, S.","3",,,,,,,"Proceedings European Workshop On Software Defined Networks Ewsdn","2","Continuous Improvements","13","Deutsches Zentrum fur Luft- Und Raumfahrt","3","Gottfried Wilhelm Leibniz Universität Hannover","1",,,,,,
,,,,"Hindle, A.","3",,,,,,,"Proceedings IEEE International Enterprise Distributed Object Computing Workshop Edocw","2","Education","13","Malmö Högskola","3","H2020 Marie Skłodowska-Curie Actions","1",,,,,,
,,,,"Hosono, S.","3",,,,,,,"Proceedings International Conference On Software And System Process Icssp 2016","2","Maturity Model","13","Universidade de São Paulo","3","Helmholtz Association","1",,,,,,
,,,,"Hummer, W.","3",,,,,,,"Proceedings International Workshop On Continuous Software Evolution And Delivery Csed 2016","2","Middleware","13","Universität Bamberg","3","Imperial College London","1",,,,,,
,,,,"Iturbe, E.","3",,,,,,,"Proceedings Of International Conference On Service Science Icss","2","Model-driven Engineering","13","Politecnico di Torino","3","Industry-Academic Cooperation Foundation of Kyungnam University","1",,,,,,
,,,,"Kazman, R.","3",,,,,,,"Proceedings Of The 2015 IFIP IEEE International Symposium On Integrated Network Management IM 2015","2","Modeling Languages","13","Università degli Studi di Milano-Bicocca","3","Innovationsfonden","1",,,,,,
,,,,"Kehrer, S.","3",,,,,,,"Proceedings Of The 27th Annual International Conference On Computer Science And Software Engineering Cascon 2017","2","Software Products","13","University of Hawaiʻi at Mānoa","3","Institute for Information and Communications Technology Promotion","1",,,,,,
,,,,"Kolometsos, S.","3",,,,,,,"Proceedings Of The 4th International Conference On Trends In Electronics And Informatics Icoei 2020","2","TOSCA","13","Oxford Brookes University","3","Instituto Nacional de Ciência e Tecnologia para Engenharia de Software","1",,,,,,
,,,,"Koulouzis, S.","3",,,,,,,"Proceedings Of The International Astronautical Congress Iac","2","Blockchain","12","Universidade de Fortaleza","3","Irish Research Council","1",,,,,,
,,,,"Kourtis, M.A.","3",,,,,,,"Proceedings Of The International Conference On E Learning Icel","2","Case Study","12","Pontifícia Universidade Católica do Rio Grande do Sul","3","Istituto di Scienze e Tecnologie della Cognizione","1",,,,,,
,,,,"Kumara, I.","3",,,,,,,"Proceedings Of The International Conference On Software Engineering And Knowledge Engineering Seke","2","Continuous Software Engineerings","12","Queen’s University","3","Japan Science and Technology Agency","1",,,,,,
,,,,"Larrucea, X.","3",,,,,,,"Proceedings Of The Workshop On Enabling Technologies Infrastructure For Collaborative Enterprises Wetice","2","Data Analytics","12","Florida Atlantic University","3","Javna Agencija za Raziskovalno Dejavnost RS","1",,,,,,
,,,,"Lavirotte, S.","3",,,,,,,"Proceedings Ot The 21st Pacific Asia Conference On Information Systems Societal Transformation Through Is IT Pacis 2017","2","Defects","12","Universität Kassel","3","Kaiser Permanente","1",,,,,,
,,,,"Lenarduzzi, V.","3",,,,,,,"Software Intensive Cyber Physical Systems","2","Deployment","12","IT-Universitetet i København","3","King Abdulaziz City for Science and Technology","1",,,,,,
,,,,"Li, S.S.","3",,,,,,,"Software Practice And Experience","2","Development","12","Deakin University","3","Korea Astronomy and Space Science Institute","1",,,,,,
,,,,"Litoiu, M.","3",,,,,,,"Springer Proceedings In Complexity","2","Distributed Systems","12","Mohammed V University in Rabat","3","Kyungnam University","1",,,,,,
,,,,"Mahanta, P.","3",,,,,,,"Vide Tehnologija Resursi Environment Technology Resources","2","Kubernetes","12","Fachhochschule Dortmund","3","Laboratory Directed Research and Development","1",,,,,,
,,,,"Mallouli, W.","3",,,,,,,"Wireless Personal Communications","2","Operations","12","Universidade do Minho","3","Lawrence Berkeley National Laboratory","1",,,,,,
,,,,"Masyagin, S.","3",,,,,,,"11th International Conference On Management Of Digital Ecosystems Medes 2019","1","Runtimes","12","Consiglio Nazionale delle Ricerche","3","Leibniz-Institut für Polymerforschung Dresden","1",,,,,,
,,,,"Meedeniya, D.","3",,,,,,,"14th International Conference On Network And Service Management Cnsm 2018 And Workshops 1st International Workshop On High Precision Networks Operations And Control Hipnet 2018 And 1st Workshop On Segment Routing And Service Function Chaining Sr Sfc 2018","1","Semi Structured Interviews","12","Texas Tech University","3","Leverhulme Trust","1",,,,,,
,,,,"Metzger, A.","3",,,,,,,"15th International Conference On Interfaces And Human Computer Interaction Ihci 2021 And 14th International Conference On Game And Entertainment Technologies Get 2021 Held At The 15th Multi Conference On Computer Science And Information Systems Mccsis 2021","1","Software Engineering Practices","12","Universidade Federal do Rio Grande do Norte","3","Microsoft","1",,,,,,
,,,,"Moe, N.B.","3",,,,,,,"15th International Conference On Network And Service Management Cnsm 2019","1","Software Process","12","Open Universiteit","3","Ministerio de Ciencia, Innovación y Universidades","1",,,,,,
,,,,"Muñoz, M.","3",,,,,,,"16th International Conference On Advances In ICT For Emerging Regions Icter 2016 Conference Proceedings","1","Specifications","12","Universidade de Brasília","3","Ministero dello Sviluppo Economico","1",,,,,,
,,,,"Müller, H.A.","3",,,,,,,"17th Asia Pacific Network Operations And Management Symposium Managing A Very Connected World Apnoms 2015","1","Transfer Functions","12","Eötvös Loránd Tudományegyetem","3","Ministry of Education and Science","1",,,,,,
,,,,"Németh, F.","3",,,,,,,"1st 2018 Indonesian Association For Pattern Recognition International Conference Inapr 2018 Proceedings","1","Application Programming Interfaces (API)","11","Institute of Software Chinese Academy of Sciences","3","Ministry of Education, India","1",,,,,,
,,,,"Olsson, H.H.","3",,,,,,,"1st International Workshop On Rapid Continuous Software Engineering Rcose 2014 Proceedings","1","C (programming Language)","11","Rensselaer Polytechnic Institute","3","Ministry of Education, Youth and Science","1",,,,,,
,,,,"Ouyang, X.","3",,,,,,,"2013 1st International Workshop On Release Engineering Releng 2013 Proceedings","1","Case-studies","11","Center For Research And Technology - Hellas","3","Ministry of Finance","1",,,,,,
,,,,"Pang, C.","3",,,,,,,"2014 17th IEEE International Conference On Intelligent Transportation Systems ITSC 2014","1","Cloud Services","11","Université Hassan 1er","3","Ministry of Higher Education, Malaysia","1",,,,,,
,,,,"Pataki, N.","3",,,,,,,"2014 IEEE Globecom Workshops GC Wkshps 2014","1","Computation Theory","11","Max Planck Institute for Plasma Physics","3","Ministry of Science and ICT, South Korea","1",,,,,,
,,,,"Pechenot, B.","3",,,,,,,"2015 IEEE 26th International Symposium On Software Reliability Engineering ISSRE 2015","1","Computer Applications","11","Université du Québec à Montréal","3","Ministry of Science and Technology, Taiwan","1",,,,,,
,,,,"Prasad, S.","3",,,,,,,"2015 IEEE Conference On Network Function Virtualization And Software Defined Network Nfv Sdn 2015","1","Configuration Management","11","Università di Pisa","3","Ministry of Science, ICT and Future Planning","1",,,,,,
,,,,"Prezzama, J.","3",,,,,,,"2015 International Conference On Pervasive Computing Advance Communication Technology And Application For Society Icpc 2015","1","Continuous Software Engineering","11","Aarhus Universitet","3","Ministério da Educação e Ciência","1",,,,,,
,,,,"Rademacher, F.","3",,,,,,,"2016 17th International Telecommunications Network Strategy And Planning Symposium Networks 2016 Conference Proceedings","1","Development Teams","11","Cisco Systems","3","Missouri Department of Transportation","1",,,,,,
,,,,"Raharjo, T.","3",,,,,,,"2016 IEEE Conference On Network Function Virtualization And Software Defined Networks Nfv Sdn 2016","1","Digital Storage","11","Universidade Federal de Minas Gerais","3","NEC Corporation","1",,,,,,
,,,,"Ramos, A.","3",,,,,,,"2016 IEEE International Conference On Recent Trends In Electronics Information And Communication Technology Rteict 2016 Proceedings","1","Engineering Research","11","Swinburne University of Technology","3","Nanyang Technological University","1",,,,,,
,,,,"Rego, A.","3",,,,,,,"2017 43rd Latin American Computer Conference Clei 2017","1","Knowledge Management","11","University of Alberta","3","National Council for Scientific Research","1",,,,,,
,,,,"Rong, G.P.","3",,,,,,,"2017 IEEE International Conference On Communications Workshops Icc Workshops 2017","1","Legacy Systems","11","University of Patras","3","National Engineering College","1",,,,,,
,,,,"Rubasinghe, I.D.","3",,,,,,,"2017 Innovations In Power And Advanced Computing Technologies I Pact 2017","1","Micro Services","11","University of Wisconsin-Madison","3","National Foundation for Science and Technology Development","1",,,,,,
,,,,"Russo, D.","3",,,,,,,"2017 International Smart Cities Conference Isc2 2017","1","Security Of Data","11","IK4-Ikerlan Technology Research Centre","3","National ICT Australia","1",,,,,,
,,,,"Sachweh, S.","3",,,,,,,"2018 13th International Conference On Digital Information Management Icdim 2018","1","Software Security","11","Universidad del Cauca","3","National Institutes of Natural Sciences","1",,,,,,
,,,,"Sadovykh, A.","3",,,,,,,"2018 25th International Conference On Telecommunications ICT 2018","1","Agile Methods","10","Riga Technical University","3","National Multiple Sclerosis Society Michigan Chapter","1",,,,,,
,,,,"Sarma, S.K.","3",,,,,,,"2018 4th International Conference On Web Research Icwr 2018","1","CI/CD","10","University of Luxembourg","3","National Nuclear Security Administration","1",,,,,,
,,,,"Satyal, S.","3",,,,,,,"2018 7th Mediterranean Conference On Embedded Computing Meco 2018 Including Ecyps 2018 Proceedings","1","Cloud-computing","10","Software Engineering Institute","3","National Research Council Canada","1",,,,,,
,,,,"Undefined","68",,,,,,,"2018 9th IEEE Annual Ubiquitous Computing Electronics And Mobile Communication Conference Uemcon 2018","1","Cyber Physical System","10","IBM Deutschland GmbH","3","Undefined","783",,,,,,
